Workbook

Sheet Escala de cultos
A1: DATA | B1: Dia da semana | C1: Hora de início | D1: Hora de término | E1: Evento | F1: Event ID | G1: DIRIGENTE | H1: PREGADOR | I1: LEITURA | J1: Data especial? | K1: Última Atualização | L1: Escala sincronizada: 14/04/2026, 08:56:43 - 212 linhas processadas
A2: 46026 | B2: =IF(A2="","",CHOOSE(WEEKDAY(A2), "Domingo", "Segunda-feira", "Terça-feira", "Quarta-feira", "Quinta-feira", "Sexta-feira", "Sábado")) -> Domingo | C2: 0.70833333 | D2: 0.79166667 | E2: Culto Solene | F2: 745c83dhr16636rs1l0qbl57d0@google.com | G2: Diac. Aparecido Regino | H2: Pr. Augusto Lopes | I2: Marcos 1 | K2: 46126.372
A3: 46028 | B3: =IF(A3="","",CHOOSE(WEEKDAY(A3), "Domingo", "Segunda-feira", "Terça-feira", "Quarta-feira", "Quinta-feira", "Sexta-feira", "Sábado")) -> Terça-feira | C3: 0.8125 | D3: 0.875 | E3: Culto de Oração | F3: 0mc4cqfvv7cse610trk9qesvcs@google.com | K3: 46126.372
A4: 46030 | B4: =IF(A4="","",CHOOSE(WEEKDAY(A4), "Domingo", "Segunda-feira", "Terça-feira", "Quarta-feira", "Quinta-feira", "Sexta-feira", "Sábado")) -> Quinta-feira | C4: 0.8125 | D4: 0.875 | E4: Culto de oração | F4: mug7bo4i5htfjqo1gv193tpaco@google.com | K4: 46126.372
A5: 46033 | B5: =IF(A5="","",CHOOSE(WEEKDAY(A5), "Domingo", "Segunda-feira", "Terça-feira", "Quarta-feira", "Quinta-feira", "Sexta-feira", "Sábado")) -> Domingo | C5: 0.70833333 | D5: 0.79166667 | E5: Culto Solene | F5: 36o84dbdrh4gvdlcof9o2v89s8@google.com | G5: Ir. Gilmar Fonseca | H5: Pb. George Alves | I5: Marcos 2 | K5: 46126.372
A6: 46035 | B6: =IF(A6="","",CHOOSE(WEEKDAY(A6), "Domingo", "Segunda-feira", "Terça-feira", "Quarta-feira", "Quinta-feira", "Sexta-feira", "Sábado")) -> Terça-feira | C6: 0.8125 | D6: 0.875 | E6: Culto de oração | F6: ufep8squ17guti3e037t9ljhdc@google.com | K6: 46126.372
A7: 46037 | B7: =IF(A7="","",CHOOSE(WEEKDAY(A7), "Domingo", "Segunda-feira", "Terça-feira", "Quarta-feira", "Quinta-feira", "Sexta-feira", "Sábado")) -> Quinta-feira | C7: 0.8125 | D7: 0.875 | E7: Culto de oração | F7: 2k6ntnk9ulpkvu7oomnddq4slk@google.com | K7: 46126.372
A8: 46040 | B8: =IF(A8="","",CHOOSE(WEEKDAY(A8), "Domingo", "Segunda-feira", "Terça-feira", "Quarta-feira", "Quinta-feira", "Sexta-feira", "Sábado")) -> Domingo | C8: 0.70833333 | D8: 0.79166667 | E8: Culto Solene | F8: ng28ktrqujld0mf7c81j43c9lo@google.com | G8: Diac. Graça Lira | H8: Pr. Augusto Lopes | I8: Marcos 3 | K8: 46126.372
A9: 46042 | B9: =IF(A9="","",CHOOSE(WEEKDAY(A9), "Domingo", "Segunda-feira", "Terça-feira", "Quarta-feira", "Quinta-feira", "Sexta-feira", "Sábado")) -> Terça-feira | C9: 0.8125 | D9: 0.875 | E9: Culto de oração | F9: f196uj39qan893e5eq08b30enc@google.com | K9: 46126.372
A10: 46044 | B10: =IF(A10="","",CHOOSE(WEEKDAY(A10), "Domingo", "Segunda-feira", "Terça-feira", "Quarta-feira", "Quinta-feira", "Sexta-feira", "Sábado")) -> Quinta-feira | C10: 0.8125 | D10: 0.875 | E10: Culto de oração | F10: 23ucd8q40gu03koodt2jeco6to@google.com | K10: 46126.372
A11: 46047 | B11: =IF(A11="","",CHOOSE(WEEKDAY(A11), "Domingo", "Segunda-feira", "Terça-feira", "Quarta-feira", "Quinta-feira", "Sexta-feira", "Sábado")) -> Domingo | C11: 0.70833333 | D11: 0.79166667 | E11: Culto Solene | F11: kad2lr3342ng0h81qlgqdmiud8@google.com | G11: Diac. Juliana Goberto | H11: Semin. Ruth Alves | I11: Marcos 4 | K11: 46126.372
A12: 46047 | B12: =IF(A12="","",CHOOSE(WEEKDAY(A12), "Domingo", "Segunda-feira", "Terça-feira", "Quarta-feira", "Quinta-feira", "Sexta-feira", "Sábado")) -> Domingo | C12: 0.39583333 | D12: 0.45833333 | E12: Escola Bíblica | F12: mmr2vcic83l35b0b08lfl4d75k@google.com | H12: Pr. Augusto Lopes | K12: 46126.372
A13: 46049 | B13: =IF(A13="","",CHOOSE(WEEKDAY(A13), "Domingo", "Segunda-feira", "Terça-feira", "Quarta-feira", "Quinta-feira", "Sexta-feira", "Sábado")) -> Terça-feira | C13: 0.8125 | D13: 0.875 | E13: Culto de oração | F13: 1antt8fc5bu5torkdj268u4vsc@google.com | K13: 46126.372
A14: 46051 | B14: =IF(A14="","",CHOOSE(WEEKDAY(A14), "Domingo", "Segunda-feira", "Terça-feira", "Quarta-feira", "Quinta-feira", "Sexta-feira", "Sábado")) -> Quinta-feira | C14: 0.8125 | D14: 0.875 | E14: Culto de Doutrina | F14: 7e90f0jer3259pt4baa2bv2cpo@google.com | K14: 46126.372
A15: 46054 | B15: =IF(A15="","",CHOOSE(WEEKDAY(A15), "Domingo", "Segunda-feira", "Terça-feira", "Quarta-feira", "Quinta-feira", "Sexta-feira", "Sábado")) -> Domingo | C15: 0.70833333 | D15: 0.79166667 | E15: Culto Solene | F15: puqbuld8hbs73kvgfqfdgm3534@google.com | G15: Diac. Salete de Kássia | H15: Pr. Augusto Lopes | I15: Marcos 5 | K15: 46126.372
A16: 46054 | B16: =IF(A16="","",CHOOSE(WEEKDAY(A16), "Domingo", "Segunda-feira", "Terça-feira", "Quarta-feira", "Quinta-feira", "Sexta-feira", "Sábado")) -> Domingo | C16: 0.39583333 | D16: 0.45833333 | E16: Escola Bíblica | F16: 5s79eur648vc6g2hvt4a2j9us4@google.com | H16: Pr. Augusto Lopes | K16: 46126.372
A17: 46056 | B17: =IF(A17="","",CHOOSE(WEEKDAY(A17), "Domingo", "Segunda-feira", "Terça-feira", "Quarta-feira", "Quinta-feira", "Sexta-feira", "Sábado")) -> Terça-feira | C17: 0.8125 | D17: 0.85416667 | E17: Culto de Oração | F17: 8br1tpu0qaamj6conpv45cueec@google.com | K17: 46126.372
A18: 46058 | B18: =IF(A18="","",CHOOSE(WEEKDAY(A18), "Domingo", "Segunda-feira", "Terça-feira", "Quarta-feira", "Quinta-feira", "Sexta-feira", "Sábado")) -> Quinta-feira | C18: 0.8125 | D18: 0.875 | E18: Culto de Doutrina | F18: 814969bsu2n9naf0vhv78lnb3k@google.com | G18: Pr. Augusto Lopes | K18: 46126.372
A19: 46061 | B19: =IF(A19="","",CHOOSE(WEEKDAY(A19), "Domingo", "Segunda-feira", "Terça-feira", "Quarta-feira", "Quinta-feira", "Sexta-feira", "Sábado")) -> Domingo | C19: 0.70833333 | D19: 0.79166667 | E19: Culto Solene | F19: f718ukji2verfo8ji49bc2eldo@google.com | G19: Ir. Lisiane Flavia Lopes | H19: Pb. George Alves | I19: Marcos 6 | K19: 46126.372
A20: 46061 | B20: =IF(A20="","",CHOOSE(WEEKDAY(A20), "Domingo", "Segunda-feira", "Terça-feira", "Quarta-feira", "Quinta-feira", "Sexta-feira", "Sábado")) -> Domingo | C20: 0.39583333 | D20: 0.45833333 | E20: Escola Bíblica | F20: l7tet8dj3fn59u9bghgrslg5kk@google.com | H20: Pr. Augusto Lopes | K20: 46126.372
A21: 46063 | B21: =IF(A21="","",CHOOSE(WEEKDAY(A21), "Domingo", "Segunda-feira", "Terça-feira", "Quarta-feira", "Quinta-feira", "Sexta-feira", "Sábado")) -> Terça-feira | C21: 0.8125 | D21: 0.875 | E21: Culto na praça | F21: gjchkth4knokrmuin9j2cikuuo@google.com | G21: Pr. Augusto Lopes | K21: 46126.372
A22: 46065 | B22: =IF(A22="","",CHOOSE(WEEKDAY(A22), "Domingo", "Segunda-feira", "Terça-feira", "Quarta-feira", "Quinta-feira", "Sexta-feira", "Sábado")) -> Quinta-feira | C22: 0.8125 | D22: 0.875 | E22: Culto de Doutrina | F22: jm1769tv7e8hb5q6sd1l62888s@google.com | G22: Pr. Augusto Lopes | K22: 46126.372
A23: 46068 | B23: =IF(A23="","",CHOOSE(WEEKDAY(A23), "Domingo", "Segunda-feira", "Terça-feira", "Quarta-feira", "Quinta-feira", "Sexta-feira", "Sábado")) -> Domingo | C23: 0.70833333 | D23: 0.79166667 | E23: Culto Solene | F23: 1nachb7ee9j2pdrhhh629rkrts@google.com | G23: Diac. Simone Oliveira | H23: Semin. Gediael Kallebe | I23: Marcos 7 | J23: CARNAVAL | K23: 46126.372
A24: 46068 | B24: =IF(A24="","",CHOOSE(WEEKDAY(A24), "Domingo", "Segunda-feira", "Terça-feira", "Quarta-feira", "Quinta-feira", "Sexta-feira", "Sábado")) -> Domingo | C24: 0.39583333 | D24: 0.45833333 | E24: Escola Bíblica (SUSPENSA) | F24: npdhnl05b9i4iqduuf2augpd50@google.com | J24: CARNAVAL | K24: 46126.372
A25: 46070 | B25: =IF(A25="","",CHOOSE(WEEKDAY(A25), "Domingo", "Segunda-feira", "Terça-feira", "Quarta-feira", "Quinta-feira", "Sexta-feira", "Sábado")) -> Terça-feira | C25: 0.8125 | D25: 0.875 | E25: Culto de Oração (SUSPENSO) | F25: 9nmkfl7j4dpmnhte9fcman0e7o@google.com | K25: 46126.372
A26: 46072 | B26: =IF(A26="","",CHOOSE(WEEKDAY(A26), "Domingo", "Segunda-feira", "Terça-feira", "Quarta-feira", "Quinta-feira", "Sexta-feira", "Sábado")) -> Quinta-feira | C26: 0.8125 | D26: 0.875 | E26: Culto de Doutrina | F26: i5k13o7qqcd2lhv1opjtsl3bgs@google.com | K26: 46126.372
A27: 46075 | B27: =IF(A27="","",CHOOSE(WEEKDAY(A27), "Domingo", "Segunda-feira", "Terça-feira", "Quarta-feira", "Quinta-feira", "Sexta-feira", "Sábado")) -> Domingo | C27: 0.70833333 | D27: 0.79166667 | E27: Culto Solene | F27: llnkr6sh3b7rac3ir7o8cbmafk@google.com | G27: Diac. Adeildo Natalício | H27: Semin. Ruth Alves | K27: 46126.372
A28: 46075 | B28: =IF(A28="","",CHOOSE(WEEKDAY(A28), "Domingo", "Segunda-feira", "Terça-feira", "Quarta-feira", "Quinta-feira", "Sexta-feira", "Sábado")) -> Domingo | C28: 0.39583333 | D28: 0.45833333 | E28: Escola Bíblica | F28: 5q1m05rdsrcu9ptfl3jq544hsc@google.com | G28: Pr. Augusto Lopes | K28: 46126.372
A29: 46077 | B29: =IF(A29="","",CHOOSE(WEEKDAY(A29), "Domingo", "Segunda-feira", "Terça-feira", "Quarta-feira", "Quinta-feira", "Sexta-feira", "Sábado")) -> Terça-feira | C29: 0.8125 | D29: 0.875 | E29: Culto na praça | F29: japolbm16a7191lhocad4s59m8@google.com | G29: Pr. Augusto Lopes | K29: 46126.372
A30: 46079 | B30: =IF(A30="","",CHOOSE(WEEKDAY(A30), "Domingo", "Segunda-feira", "Terça-feira", "Quarta-feira", "Quinta-feira", "Sexta-feira", "Sábado")) -> Quinta-feira | C30: 0.8125 | D30: 0.875 | E30: Culto de Doutrina | F30: 7ji4qgnq0072pngun6sk3r5sv0@google.com | G30: Pr. Augusto Lopes | K30: 46126.372
A31: 46082 | B31: =IF(A31="","",CHOOSE(WEEKDAY(A31), "Domingo", "Segunda-feira", "Terça-feira", "Quarta-feira", "Quinta-feira", "Sexta-feira", "Sábado")) -> Domingo | C31: 0.70833333 | D31: 0.79166667 | E31: Culto Solene | F31: 0eq4ic9ea60gpnoujpbg6ova10@google.com | G31: Ir. Ana Amélia | H31: Pr. Augusto Lopes | I31: Marcos 9 | K31: 46126.372
A32: 46082 | B32: =IF(A32="","",CHOOSE(WEEKDAY(A32), "Domingo", "Segunda-feira", "Terça-feira", "Quarta-feira", "Quinta-feira", "Sexta-feira", "Sábado")) -> Domingo | C32: 0.39583333 | D32: 0.45833333 | E32: Escola Bíblica | F32: dt80tsfkg53q5so4umviocrtbo@google.com | G32: Pr. Augusto Lopes | K32: 46126.372
A33: 46084 | B33: =IF(A33="","",CHOOSE(WEEKDAY(A33), "Domingo", "Segunda-feira", "Terça-feira", "Quarta-feira", "Quinta-feira", "Sexta-feira", "Sábado")) -> Terça-feira | C33: 0.8125 | D33: 0.875 | E33: Culto de Oração | F33: p1dp8a9m2f2gpeq0q2r5lnd6ac@google.com | K33: 46126.372
A34: 46086 | B34: =IF(A34="","",CHOOSE(WEEKDAY(A34), "Domingo", "Segunda-feira", "Terça-feira", "Quarta-feira", "Quinta-feira", "Sexta-feira", "Sábado")) -> Quinta-feira | C34: 0.8125 | D34: 0.875 | E34: Culto de Doutrina | F34: vap9e3be54d02dv3cegkhj6u10@google.com | G34: Pr. Augusto Lopes | K34: 46126.372
A35: 46089 | B35: =IF(A35="","",CHOOSE(WEEKDAY(A35), "Domingo", "Segunda-feira", "Terça-feira", "Quarta-feira", "Quinta-feira", "Sexta-feira", "Sábado")) -> Domingo | C35: 0.70833333 | D35: 0.79166667 | E35: Culto Solene | F35: ie00p9kbqoom992bkm52usdm4s@google.com | G35: Ir. Ana Dupont | H35: Pb. George Alves | I35: Marcos 10 | J35: Dia Internacional da Mulher | K35: 46126.372
A36: 46089 | B36: =IF(A36="","",CHOOSE(WEEKDAY(A36), "Domingo", "Segunda-feira", "Terça-feira", "Quarta-feira", "Quinta-feira", "Sexta-feira", "Sábado")) -> Domingo | C36: 0.39583333 | D36: 0.45833333 | E36: Escola Bíblica | F36: 9k89ri66m111dn42v0u7at78io@google.com | G36: Pr. Augusto Lopes | K36: 46126.372
A37: 46091 | B37: =IF(A37="","",CHOOSE(WEEKDAY(A37), "Domingo", "Segunda-feira", "Terça-feira", "Quarta-feira", "Quinta-feira", "Sexta-feira", "Sábado")) -> Terça-feira | C37: 0.8125 | D37: 0.875 | E37: Culto na praça | F37: 701oq76l80am0pd2kdq4ptnjqc@google.com | G37: Pr. Augusto Lopes | K37: 46126.372
A38: 46093 | B38: =IF(A38="","",CHOOSE(WEEKDAY(A38), "Domingo", "Segunda-feira", "Terça-feira", "Quarta-feira", "Quinta-feira", "Sexta-feira", "Sábado")) -> Quinta-feira | C38: 0.8125 | D38: 0.875 | E38: Culto de Doutrina | F38: 8gbr457dl6132hg7muqibrmd4c@google.com | G38: Pr. Augusto Lopes | K38: 46126.372
A39: 46096 | B39: =IF(A39="","",CHOOSE(WEEKDAY(A39), "Domingo", "Segunda-feira", "Terça-feira", "Quarta-feira", "Quinta-feira", "Sexta-feira", "Sábado")) -> Domingo | C39: 0.70833333 | D39: 0.79166667 | E39: Culto Solene | F39: p1q9dbp52d8f44cssea1n3rnd0@google.com | G39: Diac. Aparecido Regino | H39: Pr. Augusto Lopes | I39: Marcos 11 | K39: 46126.372
A40: 46096 | B40: =IF(A40="","",CHOOSE(WEEKDAY(A40), "Domingo", "Segunda-feira", "Terça-feira", "Quarta-feira", "Quinta-feira", "Sexta-feira", "Sábado")) -> Domingo | C40: 0.39583333 | D40: 0.45833333 | E40: Escola Bíblica | F40: 5u0dt3i3asrf1oe1oitveumsf8@google.com | G40: Pr. Augusto Lopes | K40: 46126.372
A41: 46098 | B41: =IF(A41="","",CHOOSE(WEEKDAY(A41), "Domingo", "Segunda-feira", "Terça-feira", "Quarta-feira", "Quinta-feira", "Sexta-feira", "Sábado")) -> Terça-feira | C41: 0.8125 | D41: 0.875 | E41: Culto de Oração | F41: fa6iqsepjb6onaao6rqd6r3d3s@google.com | K41: 46126.372
A42: 46100 | B42: =IF(A42="","",CHOOSE(WEEKDAY(A42), "Domingo", "Segunda-feira", "Terça-feira", "Quarta-feira", "Quinta-feira", "Sexta-feira", "Sábado")) -> Quinta-feira | C42: 0.8125 | D42: 0.875 | E42: Culto de Doutrina | F42: hsa07ipp8gdhbi76hpok8pl4sc@google.com | G42: Pr. Augusto Lopes | K42: 46126.372
A43: 46103 | B43: =IF(A43="","",CHOOSE(WEEKDAY(A43), "Domingo", "Segunda-feira", "Terça-feira", "Quarta-feira", "Quinta-feira", "Sexta-feira", "Sábado")) -> Domingo | C43: 0.70833333 | D43: 0.79166667 | E43: Culto Solene | F43: p0s5juh7lbqpqr9coitu6gq4bk@google.com | G43: Ir. Gilmar Fonseca | H43: Semin. Gediael Kallebe | I43: Marcos 12 | K43: 46126.372
A44: 46103 | B44: =IF(A44="","",CHOOSE(WEEKDAY(A44), "Domingo", "Segunda-feira", "Terça-feira", "Quarta-feira", "Quinta-feira", "Sexta-feira", "Sábado")) -> Domingo | C44: 0.39583333 | D44: 0.45833333 | E44: Escola Bíblica | F44: k466odad1478cqif7k18tucc4c@google.com | G44: Pr. Augusto Lopes | K44: 46126.372
A45: 46105 | B45: =IF(A45="","",CHOOSE(WEEKDAY(A45), "Domingo", "Segunda-feira", "Terça-feira", "Quarta-feira", "Quinta-feira", "Sexta-feira", "Sábado")) -> Terça-feira | C45: 0.8125 | D45: 0.875 | E45: Culto na praça | F45: 66egt8dbd4jkrtctpmhmqgjpeo@google.com | G45: Pr. Augusto Lopes | K45: 46126.372
A46: 46107 | B46: =IF(A46="","",CHOOSE(WEEKDAY(A46), "Domingo", "Segunda-feira", "Terça-feira", "Quarta-feira", "Quinta-feira", "Sexta-feira", "Sábado")) -> Quinta-feira | C46: 0.8125 | D46: 0.875 | E46: Culto de Doutrina | F46: mlrhamc49m34phr1unprgv92ag@google.com | G46: Pr. Augusto Lopes | K46: 46126.372
A47: 46110 | B47: =IF(A47="","",CHOOSE(WEEKDAY(A47), "Domingo", "Segunda-feira", "Terça-feira", "Quarta-feira", "Quinta-feira", "Sexta-feira", "Sábado")) -> Domingo | C47: 0.70833333 | D47: 0.79166667 | E47: Culto Solene | F47: n9eaml3s8pteevg8k8iqkm2v54@google.com | G47: Diac. Graça Lira | H47: Pb. George Alves | I47: Marcos 13 | K47: 46126.372
A48: 46110 | B48: =IF(A48="","",CHOOSE(WEEKDAY(A48), "Domingo", "Segunda-feira", "Terça-feira", "Quarta-feira", "Quinta-feira", "Sexta-feira", "Sábado")) -> Domingo | C48: 0.39583333 | D48: 0.45833333 | E48: Escola Bíblica | F48: uuf0gu4kp9gui00rq8ed78ohus@google.com | G48: Pr. Augusto Lopes | K48: 46126.372
A49: 46112 | B49: =IF(A49="","",CHOOSE(WEEKDAY(A49), "Domingo", "Segunda-feira", "Terça-feira", "Quarta-feira", "Quinta-feira", "Sexta-feira", "Sábado")) -> Terça-feira | C49: 0.8125 | D49: 0.875 | E49: Culto de Oração | F49: phs0kk5nbhk4gghs77393q67vk@google.com | K49: 46126.372
A50: 46114 | B50: =IF(A50="","",CHOOSE(WEEKDAY(A50), "Domingo", "Segunda-feira", "Terça-feira", "Quarta-feira", "Quinta-feira", "Sexta-feira", "Sábado")) -> Quinta-feira | C50: 0.8125 | D50: 0.875 | E50: Culto de Louvor | F50: oj28efuf9tk75rfeh4ecv7pdvg@google.com | H50: Pr. Augusto Lopes | K50: 46126.372
A51: 46117 | B51: =IF(A51="","",CHOOSE(WEEKDAY(A51), "Domingo", "Segunda-feira", "Terça-feira", "Quarta-feira", "Quinta-feira", "Sexta-feira", "Sábado")) -> Domingo | C51: 0.70833333 | D51: 0.79166667 | E51: Culto Solene | F51: msuakrv8q94lesbcsd2o560fsc@google.com | G51: Diac. Juliana Goberto | H51: Pr. Augusto Lopes | I51: Marcos 14 | J51: PÁSCOA | K51: 46126.372
A52: 46117 | B52: =IF(A52="","",CHOOSE(WEEKDAY(A52), "Domingo", "Segunda-feira", "Terça-feira", "Quarta-feira", "Quinta-feira", "Sexta-feira", "Sábado")) -> Domingo | C52: 0.39583333 | D52: 0.45833333 | E52: Escola Bíblica | F52: 8imcj88q17lm0tnpo3mmg77sdo@google.com | G52: Pr. Augusto Lopes | K52: 46126.372
A53: 46119 | B53: =IF(A53="","",CHOOSE(WEEKDAY(A53), "Domingo", "Segunda-feira", "Terça-feira", "Quarta-feira", "Quinta-feira", "Sexta-feira", "Sábado")) -> Terça-feira | C53: 0.8125 | D53: 0.875 | E53: Culto na praça | F53: dbrgcu395j1beknmjerbdd5nfo@google.com | G53: Pr. Augusto Lopes | K53: 46126.372
A54: 46121 | B54: =IF(A54="","",CHOOSE(WEEKDAY(A54), "Domingo", "Segunda-feira", "Terça-feira", "Quarta-feira", "Quinta-feira", "Sexta-feira", "Sábado")) -> Quinta-feira | C54: 0.8125 | D54: 0.875 | E54: Culto de Louvor | F54: 539cn6bd3ptoc2mnghoc0vt9d8@google.com | G54: Ir. Dilma Martins | H54: Semin. Gediael Kallebe | K54: 46126.372
A55: 46124 | B55: =IF(A55="","",CHOOSE(WEEKDAY(A55), "Domingo", "Segunda-feira", "Terça-feira", "Quarta-feira", "Quinta-feira", "Sexta-feira", "Sábado")) -> Domingo | C55: 0.70833333 | D55: 0.79166667 | E55: Culto Solene | F55: ahtthpmbrllmltjjka4dc11p34@google.com | G55: Diac. Salete de Kássia | H55: Pb. George Alves | I55: Marcos 15 | K55: 46126.372
A56: 46124 | B56: =IF(A56="","",CHOOSE(WEEKDAY(A56), "Domingo", "Segunda-feira", "Terça-feira", "Quarta-feira", "Quinta-feira", "Sexta-feira", "Sábado")) -> Domingo | C56: 0.39583333 | D56: 0.45833333 | E56: Escola Bíblica | F56: ihcc1prtnlkmr4bve3uvcmi9es@google.com | G56: Pr. Augusto Lopes | K56: 46126.372
A57: 46126 | B57: =IF(A57="","",CHOOSE(WEEKDAY(A57), "Domingo", "Segunda-feira", "Terça-feira", "Quarta-feira", "Quinta-feira", "Sexta-feira", "Sábado")) -> Terça-feira | C57: 0.8125 | D57: 0.875 | E57: Culto de Oração | F57: 90isqp9j84vigbrb0h6pr6omf0@google.com | K57: 46126.372
A58: 46128 | B58: =IF(A58="","",CHOOSE(WEEKDAY(A58), "Domingo", "Segunda-feira", "Terça-feira", "Quarta-feira", "Quinta-feira", "Sexta-feira", "Sábado")) -> Quinta-feira | C58: 0.8125 | D58: 0.875 | E58: Culto de Louvor | F58: pooanpiudfcfep46r8f2v95qos@google.com | G58: Semin. Ruth Alves | H58: Pb. George Alves | K58: 46126.372
A59: 46131 | B59: =IF(A59="","",CHOOSE(WEEKDAY(A59), "Domingo", "Segunda-feira", "Terça-feira", "Quarta-feira", "Quinta-feira", "Sexta-feira", "Sábado")) -> Domingo | C59: 0.70833333 | D59: 0.79166667 | E59: Culto Solene | F59: q4bgrs75i8h3o0cfj2c131l9bk@google.com | G59: Ir. Lisiane Flavia Lopes | H59: Pr. Augusto Lopes | I59: Marcos 16 | K59: 46126.372
A60: 46131 | B60: =IF(A60="","",CHOOSE(WEEKDAY(A60), "Domingo", "Segunda-feira", "Terça-feira", "Quarta-feira", "Quinta-feira", "Sexta-feira", "Sábado")) -> Domingo | C60: 0.39583333 | D60: 0.45833333 | E60: Escola Bíblica | F60: phifgas1ad2eoa5j6pq4iki56k@google.com | G60: Pr. Augusto Lopes | K60: 46126.372
A61: 46133 | B61: =IF(A61="","",CHOOSE(WEEKDAY(A61), "Domingo", "Segunda-feira", "Terça-feira", "Quarta-feira", "Quinta-feira", "Sexta-feira", "Sábado")) -> Terça-feira | C61: 0.8125 | D61: 0.875 | E61: Culto na praça | F61: 610lgi919ulnjcf78iv3fs3k08@google.com | G61: Pr. Augusto Lopes | K61: 46126.372
A62: 46135 | B62: =IF(A62="","",CHOOSE(WEEKDAY(A62), "Domingo", "Segunda-feira", "Terça-feira", "Quarta-feira", "Quinta-feira", "Sexta-feira", "Sábado")) -> Quinta-feira | C62: 0.8125 | D62: 0.875 | E62: Culto de Louvor | F62: utd4sa366tn96tn0umjhbtbkb4@google.com | G62: Ir. Edjane | H62: Semin. Ruth Alves | K62: 46126.372
A63: 46138 | B63: =IF(A63="","",CHOOSE(WEEKDAY(A63), "Domingo", "Segunda-feira", "Terça-feira", "Quarta-feira", "Quinta-feira", "Sexta-feira", "Sábado")) -> Domingo | C63: 0.70833333 | D63: 0.79166667 | E63: Culto Solene | F63: i5das8qu68pojqcj75rbagv67c@google.com | G63: Diac. Simone Oliveira | H63: Semin. Ruth Alves | I63: Apocalipse 1 | K63: 46126.372
A64: 46138 | B64: =IF(A64="","",CHOOSE(WEEKDAY(A64), "Domingo", "Segunda-feira", "Terça-feira", "Quarta-feira", "Quinta-feira", "Sexta-feira", "Sábado")) -> Domingo | C64: 0.39583333 | D64: 0.45833333 | E64: Escola Bíblica | F64: 7ao0fj8ojq9gc4gd7s220su5tg@google.com | G64: Pr. Augusto Lopes | K64: 46126.372
A65: 46140 | B65: =IF(A65="","",CHOOSE(WEEKDAY(A65), "Domingo", "Segunda-feira", "Terça-feira", "Quarta-feira", "Quinta-feira", "Sexta-feira", "Sábado")) -> Terça-feira | C65: 0.8125 | D65: 0.875 | E65: Culto de Oração | F65: mhkok286ik1pjbd8ho8g61l604@google.com | K65: 46126.372
A66: 46142 | B66: =IF(A66="","",CHOOSE(WEEKDAY(A66), "Domingo", "Segunda-feira", "Terça-feira", "Quarta-feira", "Quinta-feira", "Sexta-feira", "Sábado")) -> Quinta-feira | C66: 0.8125 | D66: 0.875 | E66: Culto de Louvor | F66: 59u9e0429u5jvr1hur1kohpvrc@google.com | G66: ADOLESCENTES | H66: Ir. Ana Claudia | K66: 46126.372
A67: =A63+7 -> 46145 | B67: =IF(A67="","",CHOOSE(WEEKDAY(A67), "Domingo", "Segunda-feira", "Terça-feira", "Quarta-feira", "Quinta-feira", "Sexta-feira", "Sábado")) -> Domingo | C67: 0.70833333 | D67: 0.79166667 | E67: Culto Solene | F67: 5kkuvenqbf5qd6svgj55l5v5j8@google.com | G67: Diac. Adeildo Natalício | H67: Pr. Augusto Lopes | I67: Apocalipse 2 | J67: MÊS DE MISSÕES | K67: 46126.372
A68: =A64+7 -> 46145 | B68: =IF(A68="","",CHOOSE(WEEKDAY(A68), "Domingo", "Segunda-feira", "Terça-feira", "Quarta-feira", "Quinta-feira", "Sexta-feira", "Sábado")) -> Domingo | C68: 0.39583333 | D68: 0.45833333 | E68: Escola Bíblica | F68: o693dpmo7299sb9kt3topmjjko@google.com | G68: Pr. Augusto Lopes | K68: 46126.372
A69: =A65+7 -> 46147 | B69: =IF(A69="","",CHOOSE(WEEKDAY(A69), "Domingo", "Segunda-feira", "Terça-feira", "Quarta-feira", "Quinta-feira", "Sexta-feira", "Sábado")) -> Terça-feira | C69: 0.8125 | D69: 0.875 | E69: Encontro de Mulheres | F69: a4hnaq72ti7hdaik0inqqoaf2k@google.com | G69: Sem. Ruth Alves | K69: 46126.372
A70: =A66+7 -> 46149 | B70: =IF(A70="","",CHOOSE(WEEKDAY(A70), "Domingo", "Segunda-feira", "Terça-feira", "Quarta-feira", "Quinta-feira", "Sexta-feira", "Sábado")) -> Quinta-feira | C70: 0.8125 | D70: 0.875 | E70: Culto de Louvor | F70: n8l7uouajms3576b8e6jot2l24@google.com | G70: Ir. Fabiana | H70: Diac. Adeildo Natalício | K70: 46126.372
A71: =A67+7 -> 46152 | B71: =IF(A71="","",CHOOSE(WEEKDAY(A71), "Domingo", "Segunda-feira", "Terça-feira", "Quarta-feira", "Quinta-feira", "Sexta-feira", "Sábado")) -> Domingo | C71: 0.70833333 | D71: 0.79166667 | E71: Culto Solene | F71: m16vkf88hrskt7b6rpiivl5rtg@google.com | G71: Ir. Ana Amélia | H71: Pb. George Alves | I71: Apocalipse 3 | J71: MÊS DE MISSÕES (Dia das mães) | K71: 46126.372
A72: =A68+7 -> 46152 | B72: =IF(A72="","",CHOOSE(WEEKDAY(A72), "Domingo", "Segunda-feira", "Terça-feira", "Quarta-feira", "Quinta-feira", "Sexta-feira", "Sábado")) -> Domingo | C72: 0.39583333 | D72: 0.45833333 | E72: Escola Bíblica | F72: 75ua4e458pgompft8ngu3b2p9s@google.com | G72: Pr. Augusto Lopes | K72: 46126.372
A73: =A69+7 -> 46154 | B73: =IF(A73="","",CHOOSE(WEEKDAY(A73), "Domingo", "Segunda-feira", "Terça-feira", "Quarta-feira", "Quinta-feira", "Sexta-feira", "Sábado")) -> Terça-feira | C73: 0.8125 | D73: 0.875 | E73: LIVRE | F73: bds1ml2bgu953ufeum1ct4sdlc@google.com | K73: 46126.372
A74: =A70+7 -> 46156 | B74: =IF(A74="","",CHOOSE(WEEKDAY(A74), "Domingo", "Segunda-feira", "Terça-feira", "Quarta-feira", "Quinta-feira", "Sexta-feira", "Sábado")) -> Quinta-feira | C74: 0.8125 | D74: 0.875 | E74: Culto de Louvor | F74: 0nl325sjpdrjgoc9qdoe94mkok@google.com | G74: Semin. Gediael Kallebe | H74: Diac. Aparecido Regino | K74: 46126.372
A75: =A71+7 -> 46159 | B75: =IF(A75="","",CHOOSE(WEEKDAY(A75), "Domingo", "Segunda-feira", "Terça-feira", "Quarta-feira", "Quinta-feira", "Sexta-feira", "Sábado")) -> Domingo | C75: 0.70833333 | D75: 0.79166667 | E75: Culto Solene | F75: 0b0j1rnu82vkj2j6ekgsp8tdmk@google.com | G75: Ir. Ana Dupont | H75: Pr. Augusto Lopes | I75: Apocalipse 4 | J75: MÊS DE MISSÕES | K75: 46126.372
A76: =A72+7 -> 46159 | B76: =IF(A76="","",CHOOSE(WEEKDAY(A76), "Domingo", "Segunda-feira", "Terça-feira", "Quarta-feira", "Quinta-feira", "Sexta-feira", "Sábado")) -> Domingo | C76: 0.39583333 | D76: 0.45833333 | E76: Escola Bíblica | F76: k0dc82h1jft0g720pr5at00bl8@google.com | G76: Pr. Augusto Lopes | K76: 46126.372
A77: =A73+7 -> 46161 | B77: =IF(A77="","",CHOOSE(WEEKDAY(A77), "Domingo", "Segunda-feira", "Terça-feira", "Quarta-feira", "Quinta-feira", "Sexta-feira", "Sábado")) -> Terça-feira | C77: 0.8125 | D77: 0.875 | E77: Culto na praça | F77: bfb9ibm2op61useat4lpdlj1og@google.com | G77: Pr. Augusto Lopes | K77: 46126.372
A78: =A74+7 -> 46163 | B78: =IF(A78="","",CHOOSE(WEEKDAY(A78), "Domingo", "Segunda-feira", "Terça-feira", "Quarta-feira", "Quinta-feira", "Sexta-feira", "Sábado")) -> Quinta-feira | C78: 0.8125 | D78: 0.875 | E78: Culto de Louvor | F78: 0onvcc5k6gc1nuhuo9v68chkq4@google.com | G78: Diac. Graça Lira | H78: Pr. Augusto Lopes | K78: 46126.372
A79: =A75+7 -> 46166 | B79: =IF(A79="","",CHOOSE(WEEKDAY(A79), "Domingo", "Segunda-feira", "Terça-feira", "Quarta-feira", "Quinta-feira", "Sexta-feira", "Sábado")) -> Domingo | C79: 0.70833333 | D79: 0.79166667 | E79: Culto Solene | F79: nssamhhlqk2qk2h2dr0l1gdg9c@google.com | G79: Diac. Aparecido Regino | H79: Pb. George Alves | I79: Apocalipse 5 | J79: MÊS DE MISSÕES | K79: 46126.372
A80: =A76+7 -> 46166 | B80: =IF(A80="","",CHOOSE(WEEKDAY(A80), "Domingo", "Segunda-feira", "Terça-feira", "Quarta-feira", "Quinta-feira", "Sexta-feira", "Sábado")) -> Domingo | C80: 0.39583333 | D80: 0.45833333 | E80: Escola Bíblica | F80: eug4tnln3jpa77jdnenijiq4ac@google.com | G80: Pr. Augusto Lopes | K80: 46126.372
A81: =A77+7 -> 46168 | B81: =IF(A81="","",CHOOSE(WEEKDAY(A81), "Domingo", "Segunda-feira", "Terça-feira", "Quarta-feira", "Quinta-feira", "Sexta-feira", "Sábado")) -> Terça-feira | C81: 0.8125 | D81: 0.875 | E81: LIVRE | F81: ktb9sl2as7ub4005nmpg0ck2bk@google.com | K81: 46126.372
A82: =A78+7 -> 46170 | B82: =IF(A82="","",CHOOSE(WEEKDAY(A82), "Domingo", "Segunda-feira", "Terça-feira", "Quarta-feira", "Quinta-feira", "Sexta-feira", "Sábado")) -> Quinta-feira | C82: 0.8125 | D82: 0.875 | E82: Culto de Louvor | F82: mnvkluumd84lo40r83d4v8rusg@google.com | G82: VARÕES | H82: Semin. Gediael Kallebe | K82: 46126.372
A83: =A79+7 -> 46173 | B83: =IF(A83="","",CHOOSE(WEEKDAY(A83), "Domingo", "Segunda-feira", "Terça-feira", "Quarta-feira", "Quinta-feira", "Sexta-feira", "Sábado")) -> Domingo | C83: 0.70833333 | D83: 0.79166667 | E83: Culto Solene | F83: 6661c2s7ig727jo6mbj4f6hes0@google.com | G83: Ir. Gilmar Fonseca | H83: Semin. Gediael Kallebe | I83: Apocalipse 6 | J83: MÊS DE MISSÕES | K83: 46126.372
A84: =A80+7 -> 46173 | B84: =IF(A84="","",CHOOSE(WEEKDAY(A84), "Domingo", "Segunda-feira", "Terça-feira", "Quarta-feira", "Quinta-feira", "Sexta-feira", "Sábado")) -> Domingo | C84: 0.39583333 | D84: 0.45833333 | E84: Escola Bíblica | F84: 9l8ol60egb552o33dpup60uqqg@google.com | G84: Pr. Augusto Lopes | K84: 46126.372
A85: =A81+7 -> 46175 | B85: =IF(A85="","",CHOOSE(WEEKDAY(A85), "Domingo", "Segunda-feira", "Terça-feira", "Quarta-feira", "Quinta-feira", "Sexta-feira", "Sábado")) -> Terça-feira | C85: 0.8125 | D85: 0.875 | E85: Encontro de Mulheres | F85: 8sov41kgrmd91bhh80ldjm5f4o@google.com | G85: Sem. Ruth Alves | K85: 46126.372
A86: =A82+7 -> 46177 | B86: =IF(A86="","",CHOOSE(WEEKDAY(A86), "Domingo", "Segunda-feira", "Terça-feira", "Quarta-feira", "Quinta-feira", "Sexta-feira", "Sábado")) -> Quinta-feira | C86: 0.8125 | D86: 0.875 | E86: Culto de Louvor | F86: 52tqadshvfojbub7ngpkdf1ag8@google.com | G86: Diac. Salete de Kássia | H86: Pb. George Alves | K86: 46126.372
A87: =A83+7 -> 46180 | B87: =IF(A87="","",CHOOSE(WEEKDAY(A87), "Domingo", "Segunda-feira", "Terça-feira", "Quarta-feira", "Quinta-feira", "Sexta-feira", "Sábado")) -> Domingo | C87: 0.70833333 | D87: 0.79166667 | E87: Culto Solene | F87: 4dp937pltqisdogpi664ep84hg@google.com | G87: Diac. Graça Lira | H87: Pr. Augusto Lopes | I87: Apocalipse 7 | K87: 46126.372
A88: =A84+7 -> 46180 | B88: =IF(A88="","",CHOOSE(WEEKDAY(A88), "Domingo", "Segunda-feira", "Terça-feira", "Quarta-feira", "Quinta-feira", "Sexta-feira", "Sábado")) -> Domingo | C88: 0.39583333 | D88: 0.45833333 | E88: Escola Bíblica | F88: culvp6sv3s5laih5earmopomu4@google.com | G88: Pr. Augusto Lopes | K88: 46126.372
A89: =A85+7 -> 46182 | B89: =IF(A89="","",CHOOSE(WEEKDAY(A89), "Domingo", "Segunda-feira", "Terça-feira", "Quarta-feira", "Quinta-feira", "Sexta-feira", "Sábado")) -> Terça-feira | C89: 0.8125 | D89: 0.875 | E89: LIVRE | F89: f7jhdcrt4inlkaq3qfpkdc7bf4@google.com | K89: 46126.372
A90: =A86+7 -> 46184 | B90: =IF(A90="","",CHOOSE(WEEKDAY(A90), "Domingo", "Segunda-feira", "Terça-feira", "Quarta-feira", "Quinta-feira", "Sexta-feira", "Sábado")) -> Quinta-feira | C90: 0.8125 | D90: 0.875 | E90: Culto de Louvor | F90: g1sdf7vhteqbdh9u3629drf2ao@google.com | G90: Ir. Ana Amélia | H90: Semin. Ruth Alves | K90: 46126.372
A91: =A87+7 -> 46187 | B91: =IF(A91="","",CHOOSE(WEEKDAY(A91), "Domingo", "Segunda-feira", "Terça-feira", "Quarta-feira", "Quinta-feira", "Sexta-feira", "Sábado")) -> Domingo | C91: 0.70833333 | D91: 0.79166667 | E91: Culto Solene | F91: 0ksfpg7k92ufc3rbhpldpinvec@google.com | G91: Pr. Augusto Lopes | H91: Convidado | I91: Apocalipse 8 | K91: 46126.372
A92: =A88+7 -> 46187 | B92: =IF(A92="","",CHOOSE(WEEKDAY(A92), "Domingo", "Segunda-feira", "Terça-feira", "Quarta-feira", "Quinta-feira", "Sexta-feira", "Sábado")) -> Domingo | C92: 0.39583333 | D92: 0.45833333 | E92: Escola Bíblica | F92: ghu4s9jsenfm03sq4m88hl3unk@google.com | G92: Pr. Augusto Lopes | K92: 46126.372
A93: =A89+7 -> 46189 | B93: =IF(A93="","",CHOOSE(WEEKDAY(A93), "Domingo", "Segunda-feira", "Terça-feira", "Quarta-feira", "Quinta-feira", "Sexta-feira", "Sábado")) -> Terça-feira | C93: 0.8125 | D93: 0.875 | E93: Culto na praça | F93: g9i98lcff7ljqo197ha56isq0o@google.com | G93: Pr. Augusto Lopes | K93: 46126.372
A94: =A90+7 -> 46191 | B94: =IF(A94="","",CHOOSE(WEEKDAY(A94), "Domingo", "Segunda-feira", "Terça-feira", "Quarta-feira", "Quinta-feira", "Sexta-feira", "Sábado")) -> Quinta-feira | C94: 0.8125 | D94: 0.875 | E94: Culto de Louvor | F94: uk7j5u9qshsvcmm1bpspa1kb40@google.com | G94: Ir. Lisiane Flavia Lopes | H94: Ir. Ana Claudia | K94: 46126.372
A95: =A91+7 -> 46194 | B95: =IF(A95="","",CHOOSE(WEEKDAY(A95), "Domingo", "Segunda-feira", "Terça-feira", "Quarta-feira", "Quinta-feira", "Sexta-feira", "Sábado")) -> Domingo | C95: 0.70833333 | D95: 0.79166667 | E95: Culto Solene | F95: avh7l4evlvv9jgpr9qkasmoglo@google.com | G95: Diac. Juliana Goberto | H95: Pb. George Alves | I95: Apocalipse 9 | K95: 46126.372
A96: =A92+7 -> 46194 | B96: =IF(A96="","",CHOOSE(WEEKDAY(A96), "Domingo", "Segunda-feira", "Terça-feira", "Quarta-feira", "Quinta-feira", "Sexta-feira", "Sábado")) -> Domingo | C96: 0.39583333 | D96: 0.45833333 | E96: Escola Bíblica | F96: k4nd1vbpgmfkcnrlp5c7dnn39k@google.com | G96: Pr. Augusto Lopes | K96: 46126.372
A97: =A93+7 -> 46196 | B97: =IF(A97="","",CHOOSE(WEEKDAY(A97), "Domingo", "Segunda-feira", "Terça-feira", "Quarta-feira", "Quinta-feira", "Sexta-feira", "Sábado")) -> Terça-feira | C97: 0.8125 | D97: 0.875 | E97: LIVRE | F97: miundvo45rtfhumasih0uc8lbg@google.com | K97: 46126.372
A98: =A94+7 -> 46198 | B98: =IF(A98="","",CHOOSE(WEEKDAY(A98), "Domingo", "Segunda-feira", "Terça-feira", "Quarta-feira", "Quinta-feira", "Sexta-feira", "Sábado")) -> Quinta-feira | C98: 0.8125 | D98: 0.875 | E98: Culto de Louvor | F98: uuc7u52it4eftlfshrmro34r8o@google.com | G98: UFBB | H98: Diac. Adeildo Natalício | K98: 46126.372
A99: =A95+7 -> 46201 | B99: =IF(A99="","",CHOOSE(WEEKDAY(A99), "Domingo", "Segunda-feira", "Terça-feira", "Quarta-feira", "Quinta-feira", "Sexta-feira", "Sábado")) -> Domingo | C99: 0.70833333 | D99: 0.79166667 | E99: Culto Solene | F99: 9vcrmn6rtkb3u63m1a3cd96r5k@google.com | G99: Diac. Salete de Kássia | H99: Pr. Augusto Lopes | I99: Apocalipse 10 | K99: 46126.372
A100: =A96+7 -> 46201 | B100: =IF(A100="","",CHOOSE(WEEKDAY(A100), "Domingo", "Segunda-feira", "Terça-feira", "Quarta-feira", "Quinta-feira", "Sexta-feira", "Sábado")) -> Domingo | C100: 0.39583333 | D100: 0.45833333 | E100: Escola Bíblica | F100: tp5pll9iqheducl00cnpo704g4@google.com | G100: Pr. Augusto Lopes | K100: 46126.372
...

Sheet Frequência
A1: DIRIGENTES CULTO DE DOMINGO
A2: Diac. Adeildo Natalício | B2: Ir. Ana Amélia | C2: Ir. Ana Dupont | D2: Diac. Aparecido Regino | E2: Ir. Gilmar Fonseca | F2: Ir. Naim | G2: Ir. Fabiana | H2: Ir. Dilma Martins | I2: Diac. Luciano
A3: =COUNTIF('Escala de cultos'!$G$2:$G$2010,A2) -> 7 | B3: =COUNTIF('Escala de cultos'!$G$2:$G$2010,B2) -> 7 | C3: =COUNTIF('Escala de cultos'!$G$2:$G$2010,C2) -> 5 | D3: =COUNTIF('Escala de cultos'!$G$2:$G$2010,D2) -> 5 | E3: =COUNTIF('Escala de cultos'!$G$2:$G$2010,E2) -> 7 | F3: =COUNTIF('Escala de cultos'!$G$2:$G$2010,F2) -> 2 | G3: =COUNTIF('Escala de cultos'!$G$2:$G$2010,G2) -> 2 | H3: =COUNTIF('Escala de cultos'!$G$2:$G$2010,H2) -> 3 | I3: =COUNTIF('Escala de cultos'!$G$2:$G$2010,I2) -> 2
A4: Diac. Graça Lira | B4: Diac. Juliana Goberto | C4: Diac. Salete de Kássia | D4: Ir. Lisiane Flavia Lopes | E4: Diac. Simone Oliveira | F4: Semin. Gediael Kallebe | H4: Ir. Edjane
A5: =COUNTIF('Escala de cultos'!$G$2:$G$2010,A4) -> 7 | B5: =COUNTIF('Escala de cultos'!$G$2:$G$2010,B4) -> 7 | C5: =COUNTIF('Escala de cultos'!$G$2:$G$2010,C4) -> 7 | D5: =COUNTIF('Escala de cultos'!$G$2:$G$2010,D4) -> 8 | E5: =COUNTIF('Escala de cultos'!$G$2:$G$2010,E4) -> 7 | F5: =COUNTIF('Escala de cultos'!$G$2:$G$2010,F4) -> 2 | G5: =COUNTIF('Escala de cultos'!$G$2:$G$2010,G4) -> 0 | H5: =COUNTIF('Escala de cultos'!$G$2:$G$2010,H4) -> 2
A6: PREGADORES
A7: Pr. Augusto Lopes | B7: Pb. George Alves | C7: Semin. Ruth Alves | D7: Semin. Gediael Kallebe | E7: Diac. Adeildo Natalício | F7: Convidado | G7: Ir. Ana Claudia | H7: Diac. Adeildo Natalício | I7: Diac. Aparecido Regino
A8: =COUNTIF('Escala de cultos'!$H$2:$H$2010,A7) -> 32 | B8: =COUNTIF('Escala de cultos'!$H$2:$H$2010,B7) -> 22 | C8: =COUNTIF('Escala de cultos'!$H$2:$H$2010,C7) -> 11 | D8: =COUNTIF('Escala de cultos'!$H$2:$H$2010,D7) -> 12 | E8: =COUNTIF('Escala de cultos'!$H$2:$H$2010,E7) -> 5 | F8: =COUNTIF('Escala de cultos'!$H$2:$H$2010,F7) -> 1 | G8: =COUNTIF('Escala de cultos'!$H$2:$H$2010,G7) -> 5 | H8: =COUNTIF('Escala de cultos'!$H$2:$H$2010,H7) -> 5 | I8: =COUNTIF('Escala de cultos'!$H$2:$H$2010,I7) -> 5

Sheet Calendário Diretoria e Oficiais
A1: DATA | B1: Hora de início | C1: Hora de término | D1: Evento | E1: Event ID | F1: PAUTA | G1: Diretoria sincronizada: 27/01/2026, 16:34:20 - 1 linhas | H1: Diretoria sincronizada: 27/01/2026, 16:38:51 - 1 linhas | I1: Diretoria sincronizada: 27/01/2026, 16:43:02 - 4 linhas
A2: 46108 | B2: 0.8125 | C2: 0.875 | D2: Reunião - Diretoria e Oficiais | E2: ba0i059g37gi9tusrh80v4uqlk@google.com | F2: 1. Apresentação do relatório financeiro 2. Batismo de novos membros 3. Aniversário da Igreja 4. Análise da reforma do templo
A3: 46178 | B3: 0.8125 | C3: 0.875 | D3: Reunião - Diretoria e Oficiais | E3: ln6iecv264tek37imf52rv298g@google.com | F3: 1. Apresentação de relatório financeiro
A4: 46276 | B4: 0.8125 | C4: 0.875 | D4: Reunião - Diretoria e Oficiais | E4: 11tnlrmeufthjuujf7r3k5bma8@google.com | F4: 1. Apresentação de relatório financeiro
A5: 46360 | B5: 0.8125 | C5: 0.875 | D5: Reunião - Diretoria e Oficiais | E5: p88t06sh3gu857q5n718t1inrk@google.com | F5: 1. Apresentação de relatório financeiro
